{"cameraMode":{"drawMode":0,"name":"Shaded","section":"Shading Mode"},"sceneLighting":false,"audioPlay":false,"sceneViewState":{"showFog":true,"showMaterialUpdate":false,"showSkybox":false,"showFlares":true,"showImageEffects":true,"showParticleSystems":true},"in2DMode":false,"pivot":{"x":466.8999938964844,"y":145.80999755859376,"z":5.5},"rotation":{"x":0.09954884648323059,"y":-0.49274295568466189,"z":0.05686717852950096,"w":0.8625926375389099},"size":100.92082214355469,"orthographic":false}